{
  "project_info": {
    "project_number": "95510271220",
    "project_id": "proyekpaba-296a8",
    "storage_bucket": "proyekpaba-296a8.appspot.com"
  },
  "client": [
    {
      "client_info": {
        "mobilesdk_app_id": "1:95510271220:android:9187ad1dc18958c299baa1",
        "android_client_info": {
          "package_name": "com.example.project"
        }
      },
      "oauth_client": [
        {
          "client_id": "95510271220-2abi0r1oc7ohk1a4e0trnefei79q92k4.apps.googleusercontent.com",
          "client_type": 3
        }
      ],
      "api_key": [
        {
          "current_key": "AIzaSyBYAJTRGP85Up6TAEnQcYFo0Mh_iazkaRk"
        }
      ],
      "services": {
        "appinvite_service": {
          "other_platform_oauth_client": [
            {
              "client_id": "95510271220-2abi0r1oc7ohk1a4e0trnefei79q92k4.apps.googleusercontent.com",
              "client_type": 3
            }
          ]
        }
      }
    }
  ],
  "configuration_version": "1"
}